Country,CountryCode
Afghanistan,4
Afghanistan,4
Afghanistan,4
Afghanistan,4
Afghanistan,4
Afghanistan,4
Afghanistan,4
Afghanistan,4
Afghanistan,4
Afghanistan,4
Afghanistan,4
Afghanistan,4
Afghanistan,4
Afghanistan,4
Afghanistan,4
Afghanistan,4
Afghanistan,4
Afghanistan,4
Afghanistan,4
Afghanistan,4
Afghanistan,4
Afghanistan,4
Albania,8
Albania,8
Albania,8
Albania,8
Albania,8
Albania,8
Albania,8
Albania,8
Albania,8
Albania,8
Albania,8
Albania,8
Albania,8
Albania,8
Albania,8
Albania,8
Albania,8
Albania,8
Albania,8
Albania,8
Albania,8
Albania,8
Algeria,12
Algeria,12
Algeria,12
Algeria,12
Algeria,12
Algeria,12
Algeria,12
Algeria,12
Algeria,12
Algeria,12
Algeria,12
Algeria,12
Algeria,12
Algeria,12
Algeria,12
Algeria,12
Algeria,12
Algeria,12
Algeria,12
Algeria,12
Algeria,12
Algeria,12
Andorra,20
Andorra,20
Andorra,20
Andorra,20
Andorra,20
Andorra,20
Andorra,20
Andorra,20
Andorra,20
Andorra,20
Andorra,20
Andorra,20
Andorra,20
Andorra,20
Andorra,20
Andorra,20
Andorra,20
Angola,24
Angola,24
Angola,24
Angola,24
Angola,24
Angola,24
Angola,24
Angola,24
Angola,24
Angola,24
Angola,24
Angola,24
Angola,24
Angola,24
Angola,24
Angola,24
Angola,24
Angola,24
Angola,24
Angola,24
Angola,24
Angola,24
Anguilla,660
Anguilla,660
Anguilla,660
Anguilla,660
Anguilla,660
Anguilla,660
Anguilla,660
Anguilla,660
Anguilla,660
Anguilla,660
Anguilla,660
Anguilla,660
Anguilla,660
Anguilla,660
Anguilla,660
Antigua and Barbuda,28
Antigua and Barbuda,28
Antigua and Barbuda,28
Antigua and Barbuda,28
Antigua and Barbuda,28
Antigua and Barbuda,28
Antigua and Barbuda,28
Antigua and Barbuda,28
Antigua and Barbuda,28
Antigua and Barbuda,28
Antigua and Barbuda,28
Antigua and Barbuda,28
Antigua and Barbuda,28
Antigua and Barbuda,28
Antigua and Barbuda,28
Antigua and Barbuda,28
Antigua and Barbuda,28
Antigua and Barbuda,28
Antigua and Barbuda,28
Antigua and Barbuda,28
Antigua and Barbuda,28
Antigua and Barbuda,28
Argentina,32
Argentina,32
Argentina,32
Argentina,32
Argentina,32
Argentina,32
Argentina,32
Argentina,32
Argentina,32
Argentina,32
Argentina,32
Argentina,32
Argentina,32
Argentina,32
Argentina,32
Argentina,32
Argentina,32
Argentina,32
Argentina,32
Argentina,32
Argentina,32
Argentina,32
Armenia,51
Armenia,51
Armenia,51
Armenia,51
Armenia,51
Armenia,51
Armenia,51
Armenia,51
Armenia,51
Armenia,51
Armenia,51
Armenia,51
Armenia,51
Armenia,51
Armenia,51
Armenia,51
Armenia,51
Armenia,51
Armenia,51
Armenia,51
Aruba,533
Aruba,533
Aruba,533
Aruba,533
Aruba,533
Aruba,533
Aruba,533
Aruba,533
Aruba,533
Aruba,533
Aruba,533
Aruba,533
Aruba,533
Aruba,533
Aruba,533
Aruba,533
Aruba,533
Aruba,533
Aruba,533
Aruba,533
Aruba,533
Aruba,533
Australia,36
Australia,36
Australia,36
Australia,36
Australia,36
Australia,36
Australia,36
Australia,36
Australia,36
Australia,36
Australia,36
Australia,36
Australia,36
Australia,36
Australia,36
Australia,36
Australia,36
Australia,36
Australia,36
Australia,36
Australia,36
Australia,36
Austria,40
Austria,40
Austria,40
Austria,40
Austria,40
Austria,40
Austria,40
Austria,40
Austria,40
Austria,40
Austria,40
Austria,40
Austria,40
Austria,40
Austria,40
Austria,40
Austria,40
Austria,40
Austria,40
Austria,40
Austria,40
Austria,40
Azerbaijan,31
Azerbaijan,31
Azerbaijan,31
Azerbaijan,31
Azerbaijan,31
Azerbaijan,31
Azerbaijan,31
Azerbaijan,31
Azerbaijan,31
Azerbaijan,31
Azerbaijan,31
Azerbaijan,31
Azerbaijan,31
Azerbaijan,31
Azerbaijan,31
Azerbaijan,31
Azerbaijan,31
Azerbaijan,31
Azerbaijan,31
Azerbaijan,31
Bahamas,44
Bahamas,44
Bahamas,44
Bahamas,44
Bahamas,44
Bahamas,44
Bahamas,44
Bahamas,44
Bahamas,44
Bahamas,44
Bahamas,44
Bahamas,44
Bahamas,44
Bahamas,44
Bahamas,44
Bahamas,44
Bahamas,44
Bahamas,44
Bahamas,44
Bahamas,44
Bahamas,44
Bahamas,44
Bahrain,48
Bahrain,48
Bahrain,48
Bahrain,48
Bahrain,48
Bahrain,48
Bahrain,48
Bahrain,48
Bahrain,48
Bahrain,48
Bahrain,48
Bahrain,48
Bahrain,48
Bahrain,48
Bahrain,48
Bahrain,48
Bahrain,48
Bahrain,48
Bahrain,48
Bahrain,48
Bahrain,48
Bahrain,48
Bangladesh,50
Bangladesh,50
Bangladesh,50
Bangladesh,50
Bangladesh,50
Bangladesh,50
Bangladesh,50
Bangladesh,50
Bangladesh,50
Bangladesh,50
Bangladesh,50
Bangladesh,50
Bangladesh,50
Bangladesh,50
Bangladesh,50
Bangladesh,50
Bangladesh,50
Bangladesh,50
Bangladesh,50
Bangladesh,50
Bangladesh,50
Bangladesh,50
Barbados,52
Barbados,52
Barbados,52
Barbados,52
Barbados,52
Barbados,52
Barbados,52
Barbados,52
Barbados,52
Barbados,52
Barbados,52
Barbados,52
Barbados,52
Barbados,52
Barbados,52
Barbados,52
Barbados,52
Barbados,52
Barbados,52
Barbados,52
Barbados,52
Barbados,52
Belarus,112
Belarus,112
Belarus,112
Belarus,112
Belarus,112
Belarus,112
Belarus,112
Belarus,112
Belarus,112
Belarus,112
Belarus,112
Belarus,112
Belarus,112
Belarus,112
Belarus,112
Belarus,112
Belarus,112
Belarus,112
Belarus,112
Belarus,112
Belgium,56
Belgium,56
Belgium,56
Belgium,56
Belgium,56
Belgium,56
Belgium,56
Belgium,56
Belgium,56
Belgium,56
Belgium,56
Belgium,56
Belgium,56
Belgium,56
Belgium,56
Belgium,56
Belgium,56
Belgium,56
Belgium,56
Belgium,56
Belgium,56
Belgium,56
Belize,84
Belize,84
Belize,84
Belize,84
Belize,84
Belize,84
Belize,84
Belize,84
Belize,84
Belize,84
Belize,84
Belize,84
Belize,84
Belize,84
Belize,84
Belize,84
Belize,84
Belize,84
Belize,84
Belize,84
Belize,84
Belize,84
Benin,204
Benin,204
Benin,204
Benin,204
Benin,204
Benin,204
Benin,204
Benin,204
Benin,204
Benin,204
Benin,204
Benin,204
Benin,204
Benin,204
Benin,204
Benin,204
Benin,204
Benin,204
Benin,204
Benin,204
Benin,204
Benin,204
Bermuda,60
Bermuda,60
Bermuda,60
Bermuda,60
Bermuda,60
Bermuda,60
Bermuda,60
Bermuda,60
Bermuda,60
Bermuda,60
Bermuda,60
Bermuda,60
Bermuda,60
Bermuda,60
Bermuda,60
Bermuda,60
Bermuda,60
Bermuda,60
Bermuda,60
Bermuda,60
Bermuda,60
Bermuda,60
Bhutan,64
Bhutan,64
Bhutan,64
Bhutan,64
Bhutan,64
Bhutan,64
Bhutan,64
Bhutan,64
Bhutan,64
Bhutan,64
Bhutan,64
Bhutan,64
Bhutan,64
Bhutan,64
Bhutan,64
Bhutan,64
Bhutan,64
Bhutan,64
Bhutan,64
Bhutan,64
Bhutan,64
Bhutan,64
Bolivia,68
Bolivia,68
Bolivia,68
Bolivia,68
Bolivia,68
Bolivia,68
Bolivia,68
Bolivia,68
Bolivia,68
Bolivia,68
Bolivia,68
Bolivia,68
Bolivia,68
Bolivia,68
Bolivia,68
Bolivia,68
Bolivia,68
Bolivia,68
Bolivia,68
Bolivia,68
Bolivia,68
Bolivia,68
Bosnia and Herzegovina,70
Bosnia and Herzegovina,70
Bosnia and Herzegovina,70
Bosnia and Herzegovina,70
Bosnia and Herzegovina,70
Bosnia and Herzegovina,70
Bosnia and Herzegovina,70
Bosnia and Herzegovina,70
Bosnia and Herzegovina,70
Bosnia and Herzegovina,70
Bosnia and Herzegovina,70
Bosnia and Herzegovina,70
Bosnia and Herzegovina,70
Bosnia and Herzegovina,70
Bosnia and Herzegovina,70
Bosnia and Herzegovina,70
Bosnia and Herzegovina,70
Bosnia and Herzegovina,70
Bosnia and Herzegovina,70
Bosnia and Herzegovina,70
Botswana,72
Botswana,72
Botswana,72
Botswana,72
Botswana,72
Botswana,72
Botswana,72
Botswana,72
Botswana,72
Botswana,72
Botswana,72
Botswana,72
Botswana,72
Botswana,72
Botswana,72
Botswana,72
Botswana,72
Botswana,72
Botswana,72
Botswana,72
Botswana,72
Botswana,72
Brazil,76
Brazil,76
Brazil,76
Brazil,76
Brazil,76
Brazil,76
Brazil,76
Brazil,76
Brazil,76
Brazil,76
Brazil,76
Brazil,76
Brazil,76
Brazil,76
Brazil,76
Brazil,76
Brazil,76
Brazil,76
Brazil,76
Brazil,76
Brazil,76
Brazil,76
British Virgin Islands,92
British Virgin Islands,92
British Virgin Islands,92
British Virgin Islands,92
British Virgin Islands,92
British Virgin Islands,92
British Virgin Islands,92
British Virgin Islands,92
British Virgin Islands,92
British Virgin Islands,92
British Virgin Islands,92
British Virgin Islands,92
British Virgin Islands,92
British Virgin Islands,92
British Virgin Islands,92
British Virgin Islands,92
British Virgin Islands,92
British Virgin Islands,92
British Virgin Islands,92
British Virgin Islands,92
British Virgin Islands,92
British Virgin Islands,92
Brunei Darussalam,96
Brunei Darussalam,96
Brunei Darussalam,96
Brunei Darussalam,96
Brunei Darussalam,96
Brunei Darussalam,96
Brunei Darussalam,96
Brunei Darussalam,96
Brunei Darussalam,96
Brunei Darussalam,96
Brunei Darussalam,96
Brunei Darussalam,96
Brunei Darussalam,96
Brunei Darussalam,96
Brunei Darussalam,96
Brunei Darussalam,96
Brunei Darussalam,96
Brunei Darussalam,96
Brunei Darussalam,96
Brunei Darussalam,96
Brunei Darussalam,96
Brunei Darussalam,96
Bulgaria,100
Bulgaria,100
Bulgaria,100
Bulgaria,100
Bulgaria,100
Bulgaria,100
Bulgaria,100
Bulgaria,100
Bulgaria,100
Bulgaria,100
Bulgaria,100
Bulgaria,100
Bulgaria,100
Bulgaria,100
Bulgaria,100
Bulgaria,100
Bulgaria,100
Bulgaria,100
Bulgaria,100
Bulgaria,100
Bulgaria,100
Bulgaria,100
Burkina Faso,854
Burkina Faso,854
Burkina Faso,854
Burkina Faso,854
Burkina Faso,854
Burkina Faso,854
Burkina Faso,854
Burkina Faso,854
Burkina Faso,854
Burkina Faso,854
Burkina Faso,854
Burkina Faso,854
Burkina Faso,854
Burkina Faso,854
Burkina Faso,854
Burkina Faso,854
Burkina Faso,854
Burkina Faso,854
Burkina Faso,854
Burkina Faso,854
Burkina Faso,854
Burkina Faso,854
Burundi,108
Burundi,108
Burundi,108
Burundi,108
Burundi,108
Burundi,108
Burundi,108
Burundi,108
Burundi,108
Burundi,108
Burundi,108
Burundi,108
Burundi,108
Burundi,108
Burundi,108
Burundi,108
Burundi,108
Burundi,108
Burundi,108
Burundi,108
Burundi,108
Burundi,108
Cambodia,116
Cambodia,116
Cambodia,116
Cambodia,116
Cambodia,116
Cambodia,116
Cambodia,116
Cambodia,116
Cambodia,116
Cambodia,116
Cambodia,116
Cambodia,116
Cambodia,116
Cambodia,116
Cambodia,116
Cambodia,116
Cambodia,116
Cambodia,116
Cambodia,116
Cambodia,116
Cambodia,116
Cambodia,116
Cameroon,120
Cameroon,120
Cameroon,120
Cameroon,120
Cameroon,120
Cameroon,120
Cameroon,120
Cameroon,120
Cameroon,120
Cameroon,120
Cameroon,120
Cameroon,120
Cameroon,120
Cameroon,120
Cameroon,120
Cameroon,120
Cameroon,120
Cameroon,120
Cameroon,120
Cameroon,120
Cameroon,120
Cameroon,120
Canada,124
Canada,124
Canada,124
Canada,124
Canada,124
Canada,124
Canada,124
Canada,124
Canada,124
Canada,124
Canada,124
Canada,124
Canada,124
Canada,124
Canada,124
Canada,124
Canada,124
Canada,124
Canada,124
Canada,124
Canada,124
Canada,124
Cape Verde,132
Cape Verde,132
Cape Verde,132
Cape Verde,132
Cape Verde,132
Cape Verde,132
Cape Verde,132
Cape Verde,132
Cape Verde,132
Cape Verde,132
Cape Verde,132
Cape Verde,132
Cape Verde,132
Cape Verde,132
Cape Verde,132
Cape Verde,132
Cape Verde,132
Cape Verde,132
Cape Verde,132
Cape Verde,132
Cape Verde,132
Cape Verde,132
Cayman Islands,136
Cayman Islands,136
Cayman Islands,136
Cayman Islands,136
Cayman Islands,136
Cayman Islands,136
Cayman Islands,136
Cayman Islands,136
Cayman Islands,136
Cayman Islands,136
Cayman Islands,136
Cayman Islands,136
Cayman Islands,136
Cayman Islands,136
Cayman Islands,136
Cayman Islands,136
Cayman Islands,136
Cayman Islands,136
Cayman Islands,136
Cayman Islands,136
Cayman Islands,136
Cayman Islands,136
Central African Republic,140
Central African Republic,140
Central African Republic,140
Central African Republic,140
Central African Republic,140
Central African Republic,140
Central African Republic,140
Central African Republic,140
Central African Republic,140
Central African Republic,140
Central African Republic,140
Central African Republic,140
Central African Republic,140
Central African Republic,140
Central African Republic,140
Central African Republic,140
Central African Republic,140
Central African Republic,140
Central African Republic,140
Central African Republic,140
Central African Republic,140
Central African Republic,140
Chad,148
Chad,148
Chad,148
Chad,148
Chad,148
Chad,148
Chad,148
Chad,148
Chad,148
Chad,148
Chad,148
Chad,148
Chad,148
Chad,148
Chad,148
Chad,148
Chad,148
Chad,148
Chad,148
Chad,148
Chad,148
Chad,148
Chile,152
Chile,152
Chile,152
Chile,152
Chile,152
Chile,152
Chile,152
Chile,152
Chile,152
Chile,152
Chile,152
Chile,152
Chile,152
Chile,152
Chile,152
Chile,152
Chile,152
Chile,152
Chile,152
Chile,152
Chile,152
Chile,152
China,156
China,156
China,156
China,156
China,156
China,156
China,156
China,156
China,156
China,156
China,156
China,156
China,156
China,156
China,156
China,156
China,156
China,156
China,156
China,156
China,156
China,156
"China, Hong Kong Special Administrative Region",344
"China, Hong Kong Special Administrative Region",344
"China, Hong Kong Special Administrative Region",344
"China, Hong Kong Special Administrative Region",344
"China, Hong Kong Special Administrative Region",344
"China, Hong Kong Special Administrative Region",344
"China, Hong Kong Special Administrative Region",344
"China, Hong Kong Special Administrative Region",344
"China, Hong Kong Special Administrative Region",344
"China, Hong Kong Special Administrative Region",344
"China, Hong Kong Special Administrative Region",344
"China, Hong Kong Special Administrative Region",344
"China, Hong Kong Special Administrative Region",344
"China, Hong Kong Special Administrative Region",344
"China, Hong Kong Special Administrative Region",344
"China, Hong Kong Special Administrative Region",344
"China, Hong Kong Special Administrative Region",344
"China, Hong Kong Special Administrative Region",344
"China, Hong Kong Special Administrative Region",344
"China, Hong Kong Special Administrative Region",344
"China, Hong Kong Special Administrative Region",344
"China, Hong Kong Special Administrative Region",344
"China, Macao Special Administrative Region",446
"China, Macao Special Administrative Region",446
"China, Macao Special Administrative Region",446
"China, Macao Special Administrative Region",446
"China, Macao Special Administrative Region",446
"China, Macao Special Administrative Region",446
"China, Macao Special Administrative Region",446
"China, Macao Special Administrative Region",446
"China, Macao Special Administrative Region",446
"China, Macao Special Administrative Region",446
"China, Macao Special Administrative Region",446
"China, Macao Special Administrative Region",446
"China, Macao Special Administrative Region",446
"China, Macao Special Administrative Region",446
"China, Macao Special Administrative Region",446
"China, Macao Special Administrative Region",446
"China, Macao Special Administrative Region",446
"China, Macao Special Administrative Region",446
"China, Macao Special Administrative Region",446
"China, Macao Special Administrative Region",446
"China, Macao Special Administrative Region",446
"China, Macao Special Administrative Region",446
Colombia,170
Colombia,170
Colombia,170
Colombia,170
Colombia,170
Colombia,170
Colombia,170
Colombia,170
Colombia,170
Colombia,170
Colombia,170
Colombia,170
Colombia,170
Colombia,170
Colombia,170
Colombia,170
Colombia,170
Colombia,170
Colombia,170
Colombia,170
Colombia,170
Colombia,170
Comoros,174
Comoros,174
Comoros,174
Comoros,174
Comoros,174
Comoros,174
Comoros,174
Comoros,174
Comoros,174
Comoros,174
Comoros,174
Comoros,174
Comoros,174
Comoros,174
Comoros,174
Comoros,174
Comoros,174
Comoros,174
Comoros,174
Comoros,174
Comoros,174
Comoros,174
Congo,178
Congo,178
Congo,178
Congo,178
Congo,178
Congo,178
Congo,178
Congo,178
Congo,178
Congo,178
Congo,178
Congo,178
Congo,178
Congo,178
Congo,178
Congo,178
Congo,178
Congo,178
Congo,178
Congo,178
Congo,178
Congo,178
Cook Islands,184
Cook Islands,184
Cook Islands,184
Cook Islands,184
Cook Islands,184
Cook Islands,184
Cook Islands,184
Cook Islands,184
Cook Islands,184
Cook Islands,184
Cook Islands,184
Cook Islands,184
Cook Islands,184
Cook Islands,184
Cook Islands,184
Cook Islands,184
Cook Islands,184
Cook Islands,184
Cook Islands,184
Cook Islands,184
Cook Islands,184
Cook Islands,184
Costa Rica,188
Costa Rica,188
Costa Rica,188
Costa Rica,188
Costa Rica,188
Costa Rica,188
Costa Rica,188
Costa Rica,188
Costa Rica,188
Costa Rica,188
Costa Rica,188
Costa Rica,188
Costa Rica,188
Costa Rica,188
Costa Rica,188
Costa Rica,188
Costa Rica,188
Costa Rica,188
Costa Rica,188
Costa Rica,188
Costa Rica,188
Costa Rica,188
Cote d'Ivoire,384
Cote d'Ivoire,384
Cote d'Ivoire,384
Cote d'Ivoire,384
Cote d'Ivoire,384
Cote d'Ivoire,384
Cote d'Ivoire,384
Cote d'Ivoire,384
Cote d'Ivoire,384
Cote d'Ivoire,384
Cote d'Ivoire,384
Cote d'Ivoire,384
Cote d'Ivoire,384
Cote d'Ivoire,384
Cote d'Ivoire,384
Cote d'Ivoire,384
Cote d'Ivoire,384
Cote d'Ivoire,384
Cote d'Ivoire,384
Cote d'Ivoire,384
Cote d'Ivoire,384
Cote d'Ivoire,384
Croatia,191
Croatia,191
Croatia,191
Croatia,191
Croatia,191
Croatia,191
Croatia,191
Croatia,191
Croatia,191
Croatia,191
Croatia,191
Croatia,191
Croatia,191
Croatia,191
Croatia,191
Croatia,191
Croatia,191
Croatia,191
Croatia,191
Croatia,191
Cuba,192
Cuba,192
Cuba,192
Cuba,192
Cuba,192
Cuba,192
Cuba,192
Cuba,192
Cuba,192
Cuba,192
Cuba,192
Cuba,192
Cuba,192
Cuba,192
Cuba,192
Cuba,192
Cuba,192
Cuba,192
Cuba,192
Cuba,192
Cuba,192
Cuba,192
Cyprus,196
Cyprus,196
Cyprus,196
Cyprus,196
Cyprus,196
Cyprus,196
Cyprus,196
Cyprus,196
Cyprus,196
Cyprus,196
Cyprus,196
Cyprus,196
Cyprus,196
Cyprus,196
Cyprus,196
Cyprus,196
Cyprus,196
Cyprus,196
Cyprus,196
Cyprus,196
Cyprus,196
Cyprus,196
Czech Republic,203
Czech Republic,203
Czech Republic,203
Czech Republic,203
Czech Republic,203
Czech Republic,203
Czech Republic,203
Czech Republic,203
Czech Republic,203
Czech Republic,203
Czech Republic,203
Czech Republic,203
Czech Republic,203
Czech Republic,203
Czech Republic,203
Czech Republic,203
Czech Republic,203
Czech Republic,203
Czech Republic,203
Czech Republic,203
Democratic Republic of the Congo,180
Democratic Republic of the Congo,180
Democratic Republic of the Congo,180
Democratic Republic of the Congo,180
Democratic Republic of the Congo,180
Democratic Republic of the Congo,180
Democratic Republic of the Congo,180
Democratic Republic of the Congo,180
Democratic Republic of the Congo,180
Democratic Republic of the Congo,180
Democratic Republic of the Congo,180
Democratic Republic of the Congo,180
Democratic Republic of the Congo,180
Democratic Republic of the Congo,180
Democratic Republic of the Congo,180
Democratic Republic of the Congo,180
Democratic Republic of the Congo,180
Democratic Republic of the Congo,180
Democratic Republic of the Congo,180
Democratic Republic of the Congo,180
Democratic Republic of the Congo,180
Democratic Republic of the Congo,180
Denmark,208
Denmark,208
Denmark,208
Denmark,208
Denmark,208
Denmark,208
Denmark,208
Denmark,208
Denmark,208
Denmark,208
Denmark,208
Denmark,208
Denmark,208
Denmark,208
Denmark,208
Denmark,208
Denmark,208
Denmark,208
Denmark,208
Denmark,208
Denmark,208
Denmark,208
Djibouti,262
Djibouti,262
Djibouti,262
Djibouti,262
Djibouti,262
Djibouti,262
Djibouti,262
Djibouti,262
Djibouti,262
Djibouti,262
Djibouti,262
Djibouti,262
Djibouti,262
Djibouti,262
Djibouti,262
Djibouti,262
Djibouti,262
Djibouti,262
Djibouti,262
Djibouti,262
Djibouti,262
Djibouti,262
Dominica,212
Dominica,212
Dominica,212
Dominica,212
Dominica,212
Dominica,212
Dominica,212
Dominica,212
Dominica,212
Dominica,212
Dominica,212
Dominica,212
Dominica,212
Dominica,212
Dominica,212
Dominica,212
Dominica,212
Dominica,212
Dominica,212
Dominica,212
Dominica,212
Dominica,212
Dominican Republic,214
Dominican Republic,214
Dominican Republic,214
Dominican Republic,214
Dominican Republic,214
Dominican Republic,214
Dominican Republic,214
Dominican Republic,214
Dominican Republic,214
Dominican Republic,214
Dominican Republic,214
Dominican Republic,214
Dominican Republic,214
Dominican Republic,214
Dominican Republic,214
Dominican Republic,214
Dominican Republic,214
Dominican Republic,214
Dominican Republic,214
Dominican Republic,214
Dominican Republic,214
Dominican Republic,214
Ecuador,218
Ecuador,218
Ecuador,218
Ecuador,218
Ecuador,218
Ecuador,218
Ecuador,218
Ecuador,218
Ecuador,218
Ecuador,218
Ecuador,218
Ecuador,218
Ecuador,218
Ecuador,218
Ecuador,218
Ecuador,218
Ecuador,218
Ecuador,218
Ecuador,218
Ecuador,218
Ecuador,218
Ecuador,218
Egypt,818
Egypt,818
Egypt,818
Egypt,818
Egypt,818
Egypt,818
Egypt,818
Egypt,818
Egypt,818
Egypt,818
Egypt,818
Egypt,818
Egypt,818
Egypt,818
Egypt,818
Egypt,818
Egypt,818
Egypt,818
Egypt,818
Egypt,818
Egypt,818
Egypt,818
El Salvador,222
El Salvador,222
El Salvador,222
El Salvador,222
El Salvador,222
El Salvador,222
El Salvador,222
El Salvador,222
El Salvador,222
El Salvador,222
El Salvador,222
El Salvador,222
El Salvador,222
El Salvador,222
El Salvador,222
El Salvador,222
El Salvador,222
El Salvador,222
El Salvador,222
El Salvador,222
El Salvador,222
El Salvador,222
Equatorial Guinea,226
Equatorial Guinea,226
Equatorial Guinea,226
Equatorial Guinea,226
Equatorial Guinea,226
Equatorial Guinea,226
Equatorial Guinea,226
Equatorial Guinea,226
Equatorial Guinea,226
Equatorial Guinea,226
Equatorial Guinea,226
Equatorial Guinea,226
Equatorial Guinea,226
Equatorial Guinea,226
Equatorial Guinea,226
Equatorial Guinea,226
Equatorial Guinea,226
Equatorial Guinea,226
Equatorial Guinea,226
Equatorial Guinea,226
Equatorial Guinea,226
Equatorial Guinea,226
Eritrea,232
Eritrea,232
Eritrea,232
Eritrea,232
Eritrea,232
Eritrea,232
Eritrea,232
Eritrea,232
Eritrea,232
Eritrea,232
Eritrea,232
Eritrea,232
Eritrea,232
Eritrea,232
Eritrea,232
Eritrea,232
Eritrea,232
Eritrea,232
Estonia,233
Estonia,233
Estonia,233
Estonia,233
Estonia,233
Estonia,233
Estonia,233
Estonia,233
Estonia,233
Estonia,233
Estonia,233
Estonia,233
Estonia,233
Estonia,233
Estonia,233
Estonia,233
Estonia,233
Estonia,233
Estonia,233
Estonia,233
Ethiopia,231
Ethiopia,231
Ethiopia,231
Ethiopia,231
Ethiopia,231
Ethiopia,231
Ethiopia,231
Ethiopia,231
Ethiopia,231
Ethiopia,231
Ethiopia,231
Ethiopia,231
Ethiopia,231
Ethiopia,231
Ethiopia,231
Ethiopia,231
Ethiopia,231
Ethiopia,231
Ethiopia,231
Ethiopia,231
Ethiopia,231
Ethiopia,231
Faeroe Islands,234
Faeroe Islands,234
Faeroe Islands,234
Faeroe Islands,234
Faeroe Islands,234
Faeroe Islands,234
Faeroe Islands,234
Faeroe Islands,234
Faeroe Islands,234
Faeroe Islands,234
Faeroe Islands,234
Faeroe Islands,234
Faeroe Islands,234
Faeroe Islands,234
Faeroe Islands,234
Faeroe Islands,234
Faeroe Islands,234
Faeroe Islands,234
Faeroe Islands,234
Faeroe Islands,234
Faeroe Islands,234
Faeroe Islands,234
Falkland Islands (Malvinas),238
Falkland Islands (Malvinas),238
Falkland Islands (Malvinas),238
Falkland Islands (Malvinas),238
Falkland Islands (Malvinas),238
Falkland Islands (Malvinas),238
Falkland Islands (Malvinas),238
Falkland Islands (Malvinas),238
Falkland Islands (Malvinas),238
Falkland Islands (Malvinas),238
Falkland Islands (Malvinas),238
Falkland Islands (Malvinas),238
Falkland Islands (Malvinas),238
Falkland Islands (Malvinas),238
Falkland Islands (Malvinas),238
Falkland Islands (Malvinas),238
Falkland Islands (Malvinas),238
Falkland Islands (Malvinas),238
Falkland Islands (Malvinas),238
Falkland Islands (Malvinas),238
Falkland Islands (Malvinas),238
Falkland Islands (Malvinas),238
Fiji,242
Fiji,242
Fiji,242
Fiji,242
Fiji,242
Fiji,242
Fiji,242
Fiji,242
Fiji,242
Fiji,242
Fiji,242
Fiji,242
Fiji,242
Fiji,242
Fiji,242
Fiji,242
Fiji,242
Fiji,242
Fiji,242
Fiji,242
Fiji,242
Fiji,242
Finland,246
Finland,246
Finland,246
Finland,246
Finland,246
Finland,246
Finland,246
Finland,246
Finland,246
Finland,246
Finland,246
Finland,246
Finland,246
Finland,246
Finland,246
Finland,246
Finland,246
Finland,246
Finland,246
Finland,246
Finland,246
Finland,246
France,250
France,250
France,250
France,250
France,250
France,250
France,250
France,250
France,250
France,250
France,250
France,250
France,250
France,250
France,250
France,250
France,250
France,250
France,250
France,250
France,250
France,250
French Guiana,254
French Guiana,254
French Guiana,254
French Guiana,254
French Guiana,254
French Guiana,254
French Guiana,254
French Guiana,254
French Guiana,254
French Guiana,254
French Guiana,254
French Guiana,254
French Guiana,254
French Guiana,254
French Guiana,254
French Guiana,254
French Guiana,254
French Guiana,254
French Guiana,254
French Guiana,254
French Guiana,254
French Guiana,254
French Polynesia,258
French Polynesia,258
French Polynesia,258
French Polynesia,258
French Polynesia,258
French Polynesia,258
French Polynesia,258
French Polynesia,258
French Polynesia,258
French Polynesia,258
French Polynesia,258
French Polynesia,258
French Polynesia,258
French Polynesia,258
French Polynesia,258
French Polynesia,258
French Polynesia,258
French Polynesia,258
French Polynesia,258
French Polynesia,258
French Polynesia,258
French Polynesia,258
Gabon,266
Gabon,266
Gabon,266
Gabon,266
Gabon,266
Gabon,266
Gabon,266
Gabon,266
Gabon,266
Gabon,266
Gabon,266
Gabon,266
Gabon,266
Gabon,266
Gabon,266
Gabon,266
Gabon,266
Gabon,266
Gabon,266
Gabon,266
Gabon,266
Gabon,266
Gambia,270
Gambia,270
Gambia,270
Gambia,270
Gambia,270
Gambia,270
Gambia,270
Gambia,270
Gambia,270
Gambia,270
Gambia,270
Gambia,270
Gambia,270
Gambia,270
Gambia,270
Gambia,270
Gambia,270
Gambia,270
Gambia,270
Gambia,270
Gambia,270
Gambia,270
Georgia,268
Georgia,268
Georgia,268
Georgia,268
Georgia,268
Georgia,268
Georgia,268
Georgia,268
Georgia,268
Georgia,268
Georgia,268
Georgia,268
Georgia,268
Georgia,268
Georgia,268
Georgia,268
Georgia,268
Georgia,268
Georgia,268
Georgia,268
Germany,276
Germany,276
Germany,276
Germany,276
Germany,276
Germany,276
Germany,276
Germany,276
Germany,276
Germany,276
Germany,276
Germany,276
Germany,276
Germany,276
Germany,276
Germany,276
Germany,276
Germany,276
Germany,276
Germany,276
Germany,276
Ghana,288
Ghana,288
Ghana,288
Ghana,288
Ghana,288
Ghana,288
Ghana,288
Ghana,288
Ghana,288
Ghana,288
Ghana,288
Ghana,288
Ghana,288
Ghana,288
Ghana,288
Ghana,288
Ghana,288
Ghana,288
Ghana,288
Ghana,288
Ghana,288
Ghana,288
Gibraltar,292
Gibraltar,292
Gibraltar,292
Gibraltar,292
Gibraltar,292
Gibraltar,292
Gibraltar,292
Gibraltar,292
Gibraltar,292
Gibraltar,292
Gibraltar,292
Gibraltar,292
Gibraltar,292
Gibraltar,292
Gibraltar,292
Gibraltar,292
Gibraltar,292
Gibraltar,292
Gibraltar,292
Gibraltar,292
Gibraltar,292
Gibraltar,292
Greece,300
Greece,300
Greece,300
Greece,300
Greece,300
Greece,300
Greece,300
Greece,300
Greece,300
Greece,300
Greece,300
Greece,300
Greece,300
Greece,300
Greece,300
Greece,300
Greece,300
Greece,300
Greece,300
Greece,300
Greece,300
Greece,300
Greenland,304
Greenland,304
Greenland,304
Greenland,304
Greenland,304
Greenland,304
Greenland,304
Greenland,304
Greenland,304
Greenland,304
Greenland,304
Greenland,304
Greenland,304
Greenland,304
Greenland,304
Greenland,304
Greenland,304
Greenland,304
Greenland,304
Greenland,304
Greenland,304
Greenland,304
Grenada,308
Grenada,308
Grenada,308
Grenada,308
Grenada,308
Grenada,308
Grenada,308
Grenada,308
Grenada,308
Grenada,308
Grenada,308
Grenada,308
Grenada,308
Grenada,308
Grenada,308
Grenada,308
Grenada,308
Grenada,308
Grenada,308
Grenada,308
Grenada,308
Grenada,308
Guadeloupe,312
Guadeloupe,312
Guadeloupe,312
Guadeloupe,312
Guadeloupe,312
Guadeloupe,312
Guadeloupe,312
Guadeloupe,312
Guadeloupe,312
Guadeloupe,312
Guadeloupe,312
Guadeloupe,312
Guadeloupe,312
Guadeloupe,312
Guadeloupe,312
Guadeloupe,312
Guadeloupe,312
Guadeloupe,312
Guadeloupe,312
Guadeloupe,312
Guadeloupe,312
Guadeloupe,312
Guatemala,320
Guatemala,320
Guatemala,320
Guatemala,320
Guatemala,320
Guatemala,320
Guatemala,320
Guatemala,320
Guatemala,320
Guatemala,320
Guatemala,320
Guatemala,320
Guatemala,320
Guatemala,320
Guatemala,320
Guatemala,320
Guatemala,320
Guatemala,320
Guatemala,320
Guatemala,320
Guatemala,320
Guatemala,320
Guinea,324
Guinea,324
Guinea,324
Guinea,324
Guinea,324
Guinea,324
Guinea,324
Guinea,324
Guinea,324
Guinea,324
Guinea,324
Guinea,324
Guinea,324
Guinea,324
Guinea,324
Guinea,324
Guinea,324
Guinea,324
Guinea,324
Guinea,324
Guinea,324
Guinea,324
Guinea-Bissau,624
Guinea-Bissau,624
Guinea-Bissau,624
Guinea-Bissau,624
Guinea-Bissau,624
Guinea-Bissau,624
Guinea-Bissau,624
Guinea-Bissau,624
Guinea-Bissau,624
Guinea-Bissau,624
Guinea-Bissau,624
Guinea-Bissau,624
Guinea-Bissau,624
Guinea-Bissau,624
Guinea-Bissau,624
Guinea-Bissau,624
Guinea-Bissau,624
Guinea-Bissau,624
Guinea-Bissau,624
Guinea-Bissau,624
Guinea-Bissau,624
Guinea-Bissau,624
Guyana,328
Guyana,328
Guyana,328
Guyana,328
Guyana,328
Guyana,328
Guyana,328
Guyana,328
Guyana,328
Guyana,328
Guyana,328
Guyana,328
Guyana,328
Guyana,328
Guyana,328
Guyana,328
Guyana,328
Guyana,328
Guyana,328
Guyana,328
Guyana,328
Guyana,328
Haiti,332
Haiti,332
Haiti,332
Haiti,332
Haiti,332
Haiti,332
Haiti,332
Haiti,332
Haiti,332
Haiti,332
Haiti,332
Haiti,332
Haiti,332
Haiti,332
Haiti,332
Haiti,332
Haiti,332
Haiti,332
Haiti,332
Haiti,332
Haiti,332
Haiti,332
Honduras,340
Honduras,340
Honduras,340
Honduras,340
Honduras,340
Honduras,340
Honduras,340
Honduras,340
Honduras,340
Honduras,340
Honduras,340
Honduras,340
Honduras,340
Honduras,340
Honduras,340
Honduras,340
Honduras,340
Honduras,340
Honduras,340
Honduras,340
Honduras,340
Honduras,340
Hungary,348
Hungary,348
Hungary,348
Hungary,348
Hungary,348
Hungary,348
Hungary,348
Hungary,348
Hungary,348
Hungary,348
Hungary,348
Hungary,348
Hungary,348
Hungary,348
Hungary,348
Hungary,348
Hungary,348
Hungary,348
Hungary,348
Hungary,348
Hungary,348
Hungary,348
Iceland,352
Iceland,352
Iceland,352
Iceland,352
Iceland,352
Iceland,352
Iceland,352
Iceland,352
Iceland,352
Iceland,352
Iceland,352
Iceland,352
Iceland,352
Iceland,352
Iceland,352
Iceland,352
Iceland,352
Iceland,352
Iceland,352
Iceland,352
Iceland,352
Iceland,352
India,356
India,356
India,356
India,356
India,356
India,356
India,356
India,356
India,356
India,356
India,356
India,356
India,356
India,356
India,356
India,356
India,356
India,356
India,356
India,356
India,356
India,356
Indonesia,360
Indonesia,360
Indonesia,360
Indonesia,360
Indonesia,360
Indonesia,360
Indonesia,360
Indonesia,360
Indonesia,360
Indonesia,360
Indonesia,360
Indonesia,360
Indonesia,360
Indonesia,360
Indonesia,360
Indonesia,360
Indonesia,360
Indonesia,360
Indonesia,360
Indonesia,360
Indonesia,360
Indonesia,360
Iran (Islamic Republic of),364
Iran (Islamic Republic of),364
Iran (Islamic Republic of),364
Iran (Islamic Republic of),364
Iran (Islamic Republic of),364
Iran (Islamic Republic of),364
Iran (Islamic Republic of),364
Iran (Islamic Republic of),364
Iran (Islamic Republic of),364
Iran (Islamic Republic of),364
Iran (Islamic Republic of),364
Iran (Islamic Republic of),364
Iran (Islamic Republic of),364
Iran (Islamic Republic of),364
Iran (Islamic Republic of),364
Iran (Islamic Republic of),364
Iran (Islamic Republic of),364
Iran (Islamic Republic of),364
Iran (Islamic Republic of),364
Iran (Islamic Republic of),364
Iran (Islamic Republic of),364
Iran (Islamic Republic of),364
Iraq,368
Iraq,368
Iraq,368
Iraq,368
Iraq,368
Iraq,368
Iraq,368
Iraq,368
Iraq,368
Iraq,368
Iraq,368
Iraq,368
Iraq,368
Iraq,368
Iraq,368
Iraq,368
Iraq,368
Iraq,368
Iraq,368
Iraq,368
Iraq,368
Iraq,368
Ireland,372
Ireland,372
Ireland,372
Ireland,372
Ireland,372
Ireland,372
Ireland,372
Ireland,372
Ireland,372
Ireland,372
Ireland,372
Ireland,372
Ireland,372
Ireland,372
Ireland,372
Ireland,372
Ireland,372
Ireland,372
Ireland,372
Ireland,372
Ireland,372
Ireland,372
Israel,376
Israel,376
Israel,376
Israel,376
Israel,376
Israel,376
Israel,376
Israel,376
Israel,376
Israel,376
Israel,376
Israel,376
Israel,376
Israel,376
Israel,376
Israel,376
Israel,376
Israel,376
Israel,376
Israel,376
Israel,376
Israel,376
Italy,380
Italy,380
Italy,380
Italy,380
Italy,380
Italy,380
Italy,380
Italy,380
Italy,380
Italy,380
Italy,380
Italy,380
Italy,380
Italy,380
Italy,380
Italy,380
Italy,380
Italy,380
Italy,380
Italy,380
Italy,380
Italy,380
Jamaica,388
Jamaica,388
Jamaica,388
Jamaica,388
Jamaica,388
Jamaica,388
Jamaica,388
Jamaica,388
Jamaica,388
Jamaica,388
Jamaica,388
Jamaica,388
Jamaica,388
Jamaica,388
Jamaica,388
Jamaica,388
Jamaica,388
Jamaica,388
Jamaica,388
Jamaica,388
Jamaica,388
Jamaica,388
Japan,392
Japan,392
Japan,392
Japan,392
Japan,392
Japan,392
Japan,392
Japan,392
Japan,392
Japan,392
Japan,392
Japan,392
Japan,392
Japan,392
Japan,392
Japan,392
Japan,392
Japan,392
Japan,392
Japan,392
Japan,392
Japan,392
Jordan,400
Jordan,400
Jordan,400
Jordan,400
Jordan,400
Jordan,400
Jordan,400
Jordan,400
Jordan,400
Jordan,400
Jordan,400
Jordan,400
Jordan,400
Jordan,400
Jordan,400
Jordan,400
Jordan,400
Jordan,400
Jordan,400
Jordan,400
Jordan,400
Jordan,400
Kazakhstan,398
Kazakhstan,398
Kazakhstan,398
Kazakhstan,398
Kazakhstan,398
Kazakhstan,398
Kazakhstan,398
Kazakhstan,398
Kazakhstan,398
Kazakhstan,398
Kazakhstan,398
Kazakhstan,398
Kazakhstan,398
Kazakhstan,398
Kazakhstan,398
Kazakhstan,398
Kazakhstan,398
Kazakhstan,398
Kazakhstan,398
Kazakhstan,398
Kenya,404
Kenya,404
Kenya,404
Kenya,404
Kenya,404
Kenya,404
Kenya,404
Kenya,404
Kenya,404
Kenya,404
Kenya,404
Kenya,404
Kenya,404
Kenya,404
Kenya,404
Kenya,404
Kenya,404
Kenya,404
Kenya,404
Kenya,404
Kenya,404
Kenya,404
Kiribati,296
Kiribati,296
Kiribati,296
Kiribati,296
Kiribati,296
Kiribati,296
Kiribati,296
Kiribati,296
Kiribati,296
Kiribati,296
Kiribati,296
Kiribati,296
Kiribati,296
Kiribati,296
Kiribati,296
Kiribati,296
Kiribati,296
Kiribati,296
Kiribati,296
Kiribati,296
Kiribati,296
Kiribati,296
"Korea, Democratic People's Republic of",408
"Korea, Democratic People's Republic of",408
"Korea, Democratic People's Republic of",408
"Korea, Democratic People's Republic of",408
"Korea, Democratic People's Republic of",408
"Korea, Democratic People's Republic of",408
"Korea, Democratic People's Republic of",408
"Korea, Democratic People's Republic of",408
"Korea, Democratic People's Republic of",408
"Korea, Democratic People's Republic of",408
"Korea, Democratic People's Republic of",408
"Korea, Democratic People's Republic of",408
"Korea, Democratic People's Republic of",408
"Korea, Democratic People's Republic of",408
"Korea, Democratic People's Republic of",408
"Korea, Democratic People's Republic of",408
"Korea, Democratic People's Republic of",408
"Korea, Democratic People's Republic of",408
"Korea, Democratic People's Republic of",408
"Korea, Democratic People's Republic of",408
"Korea, Democratic People's Republic of",408
"Korea, Democratic People's Republic of",408
"Korea, Republic of",410
"Korea, Republic of",410
"Korea, Republic of",410
"Korea, Republic of",410
"Korea, Republic of",410
"Korea, Republic of",410
"Korea, Republic of",410
"Korea, Republic of",410
"Korea, Republic of",410
"Korea, Republic of",410
"Korea, Republic of",410
"Korea, Republic of",410
"Korea, Republic of",410
"Korea, Republic of",410
"Korea, Republic of",410
"Korea, Republic of",410
"Korea, Republic of",410
"Korea, Republic of",410
"Korea, Republic of",410
"Korea, Republic of",410
"Korea, Republic of",410
"Korea, Republic of",410
Kuwait,414
Kuwait,414
Kuwait,414
Kuwait,414
Kuwait,414
Kuwait,414
Kuwait,414
Kuwait,414
Kuwait,414
Kuwait,414
Kuwait,414
Kuwait,414
Kuwait,414
Kuwait,414
Kuwait,414
Kuwait,414
Kuwait,414
Kuwait,414
Kuwait,414
Kuwait,414
Kuwait,414
Kuwait,414
Kyrgyzstan,417
Kyrgyzstan,417
Kyrgyzstan,417
Kyrgyzstan,417
Kyrgyzstan,417
Kyrgyzstan,417
Kyrgyzstan,417
Kyrgyzstan,417
Kyrgyzstan,417
Kyrgyzstan,417
Kyrgyzstan,417
Kyrgyzstan,417
Kyrgyzstan,417
Kyrgyzstan,417
Kyrgyzstan,417
Kyrgyzstan,417
Kyrgyzstan,417
Kyrgyzstan,417
Kyrgyzstan,417
Kyrgyzstan,417
Lao People's Democratic Republic,418
Lao People's Democratic Republic,418
Lao People's Democratic Republic,418
Lao People's Democratic Republic,418
Lao People's Democratic Republic,418
Lao People's Democratic Republic,418
Lao People's Democratic Republic,418
Lao People's Democratic Republic,418
Lao People's Democratic Republic,418
Lao People's Democratic Republic,418
Lao People's Democratic Republic,418
Lao People's Democratic Republic,418
Lao People's Democratic Republic,418
Lao People's Democratic Republic,418
Lao People's Democratic Republic,418
Lao People's Democratic Republic,418
Lao People's Democratic Republic,418
Lao People's Democratic Republic,418
Lao People's Democratic Republic,418
Lao People's Democratic Republic,418
Lao People's Democratic Republic,418
Lao People's Democratic Republic,418
Latvia,428
Latvia,428
Latvia,428
Latvia,428
Latvia,428
Latvia,428
Latvia,428
Latvia,428
Latvia,428
Latvia,428
Latvia,428
Latvia,428
Latvia,428
Latvia,428
Latvia,428
Latvia,428
Latvia,428
Latvia,428
Latvia,428
Latvia,428
Lebanon,422
Lebanon,422
Lebanon,422
Lebanon,422
Lebanon,422
Lebanon,422
Lebanon,422
Lebanon,422
Lebanon,422
Lebanon,422
Lebanon,422
Lebanon,422
Lebanon,422
Lebanon,422
Lebanon,422
Lebanon,422
Lebanon,422
Lebanon,422
Lebanon,422
Lebanon,422
Lebanon,422
Lebanon,422
Lesotho,426
Lesotho,426
Lesotho,426
Lesotho,426
Lesotho,426
Lesotho,426
Lesotho,426
Liberia,430
Liberia,430
Liberia,430
Liberia,430
Liberia,430
Liberia,430
Liberia,430
Liberia,430
Liberia,430
Liberia,430
Liberia,430
Liberia,430
Liberia,430
Liberia,430
Liberia,430
Liberia,430
Liberia,430
Liberia,430
Liberia,430
Liberia,430
Liberia,430
Liberia,430
Libyan Arab Jamahiriya,434
Libyan Arab Jamahiriya,434
Libyan Arab Jamahiriya,434
Libyan Arab Jamahiriya,434
Libyan Arab Jamahiriya,434
Libyan Arab Jamahiriya,434
Libyan Arab Jamahiriya,434
Libyan Arab Jamahiriya,434
Libyan Arab Jamahiriya,434
Libyan Arab Jamahiriya,434
Libyan Arab Jamahiriya,434
Libyan Arab Jamahiriya,434
Libyan Arab Jamahiriya,434
Libyan Arab Jamahiriya,434
Libyan Arab Jamahiriya,434
Libyan Arab Jamahiriya,434
Libyan Arab Jamahiriya,434
Libyan Arab Jamahiriya,434
Libyan Arab Jamahiriya,434
Libyan Arab Jamahiriya,434
Libyan Arab Jamahiriya,434
Libyan Arab Jamahiriya,434
Liechtenstein,438
Liechtenstein,438
Liechtenstein,438
Liechtenstein,438
Liechtenstein,438
Lithuania,440
Lithuania,440
Lithuania,440
Lithuania,440
Lithuania,440
Lithuania,440
Lithuania,440
Lithuania,440
Lithuania,440
Lithuania,440
Lithuania,440
Lithuania,440
Lithuania,440
Lithuania,440
Lithuania,440
Lithuania,440
Lithuania,440
Lithuania,440
Lithuania,440
Lithuania,440
Luxembourg,442
Luxembourg,442
Luxembourg,442
Luxembourg,442
Luxembourg,442
Luxembourg,442
Luxembourg,442
Luxembourg,442
Luxembourg,442
Luxembourg,442
Luxembourg,442
Luxembourg,442
Luxembourg,442
Luxembourg,442
Luxembourg,442
Luxembourg,442
Luxembourg,442
Luxembourg,442
Luxembourg,442
Luxembourg,442
Luxembourg,442
Luxembourg,442
Madagascar,450
Madagascar,450
Madagascar,450
Madagascar,450
Madagascar,450
Madagascar,450
Madagascar,450
Madagascar,450
Madagascar,450
Madagascar,450
Madagascar,450
Madagascar,450
Madagascar,450
Madagascar,450
Madagascar,450
Madagascar,450
Madagascar,450
Madagascar,450
Madagascar,450
Madagascar,450
Madagascar,450
Madagascar,450
Malawi,454
Malawi,454
Malawi,454
Malawi,454
Malawi,454
Malawi,454
Malawi,454
Malawi,454
Malawi,454
Malawi,454
Malawi,454
Malawi,454
Malawi,454
Malawi,454
Malawi,454
Malawi,454
Malawi,454
Malawi,454
Malawi,454
Malawi,454
Malawi,454
Malawi,454
Malaysia,458
Malaysia,458
Malaysia,458
Malaysia,458
Malaysia,458
Malaysia,458
Malaysia,458
Malaysia,458
Malaysia,458
Malaysia,458
Malaysia,458
Malaysia,458
Malaysia,458
Malaysia,458
Malaysia,458
Malaysia,458
Malaysia,458
Malaysia,458
Malaysia,458
Malaysia,458
Malaysia,458
Malaysia,458
Maldives,462
Maldives,462
Maldives,462
Maldives,462
Maldives,462
Maldives,462
Maldives,462
Maldives,462
Maldives,462
Maldives,462
Maldives,462
Maldives,462
Maldives,462
Maldives,462
Maldives,462
Maldives,462
Maldives,462
Maldives,462
Maldives,462
Maldives,462
Maldives,462
Maldives,462
Mali,466
Mali,466
Mali,466
Mali,466
Mali,466
Mali,466
Mali,466
Mali,466
Mali,466
Mali,466
Mali,466
Mali,466
Mali,466
Mali,466
Mali,466
Mali,466
Mali,466
Mali,466
Mali,466
Mali,466
Mali,466
Mali,466
Malta,470
Malta,470
Malta,470
Malta,470
Malta,470
Malta,470
Malta,470
Malta,470
Malta,470
Malta,470
Malta,470
Malta,470
Malta,470
Malta,470
Malta,470
Malta,470
Malta,470
Malta,470
Malta,470
Malta,470
Malta,470
Malta,470
Marshall Islands,584
Marshall Islands,584
Marshall Islands,584
Marshall Islands,584
Marshall Islands,584
Marshall Islands,584
Marshall Islands,584
Marshall Islands,584
Marshall Islands,584
Marshall Islands,584
Marshall Islands,584
Marshall Islands,584
Marshall Islands,584
Marshall Islands,584
Marshall Islands,584
Marshall Islands,584
Marshall Islands,584
Marshall Islands,584
Marshall Islands,584
Marshall Islands,584
Marshall Islands,584
Marshall Islands,584
Martinique,474
Martinique,474
Martinique,474
Martinique,474
Martinique,474
Martinique,474
Martinique,474
Martinique,474
Martinique,474
Martinique,474
Martinique,474
Martinique,474
Martinique,474
Martinique,474
Martinique,474
Martinique,474
Martinique,474
Martinique,474
Martinique,474
Martinique,474
Martinique,474
Martinique,474
Mauritania,478
Mauritania,478
Mauritania,478
Mauritania,478
Mauritania,478
Mauritania,478
Mauritania,478
Mauritania,478
Mauritania,478
Mauritania,478
Mauritania,478
Mauritania,478
Mauritania,478
Mauritania,478
Mauritania,478
Mauritania,478
Mauritania,478
Mauritania,478
Mauritania,478
Mauritania,478
Mauritania,478
Mauritania,478
Mauritius,480
Mauritius,480
Mauritius,480
Mauritius,480
Mauritius,480
Mauritius,480
Mauritius,480
Mauritius,480
Mauritius,480
Mauritius,480
Mauritius,480
Mauritius,480
Mauritius,480
Mauritius,480
Mauritius,480
Mauritius,480
Mauritius,480
Mauritius,480
Mauritius,480
Mauritius,480
Mauritius,480
Mauritius,480
Mexico,484
Mexico,484
Mexico,484
Mexico,484
Mexico,484
Mexico,484
Mexico,484
Mexico,484
Mexico,484
Mexico,484
Mexico,484
Mexico,484
Mexico,484
Mexico,484
Mexico,484
Mexico,484
Mexico,484
Mexico,484
Mexico,484
Mexico,484
Mexico,484
Mexico,484
"Micronesia, Federated States of",583
"Micronesia, Federated States of",583
"Micronesia, Federated States of",583
"Micronesia, Federated States of",583
"Micronesia, Federated States of",583
"Micronesia, Federated States of",583
"Micronesia, Federated States of",583
"Micronesia, Federated States of",583
"Micronesia, Federated States of",583
"Micronesia, Federated States of",583
"Micronesia, Federated States of",583
"Micronesia, Federated States of",583
"Micronesia, Federated States of",583
"Micronesia, Federated States of",583
"Micronesia, Federated States of",583
Mongolia,496
Mongolia,496
Mongolia,496
Mongolia,496
Mongolia,496
Mongolia,496
Mongolia,496
Mongolia,496
Mongolia,496
Mongolia,496
Mongolia,496
Mongolia,496
Mongolia,496
Mongolia,496
Mongolia,496
Mongolia,496
Mongolia,496
Mongolia,496
Mongolia,496
Mongolia,496
Mongolia,496
Mongolia,496
Montenegro,499
Montenegro,499
Montenegro,499
Montenegro,499
Montenegro,499
Montenegro,499
Montserrat,500
Montserrat,500
Montserrat,500
Montserrat,500
Montserrat,500
Montserrat,500
Montserrat,500
Montserrat,500
Montserrat,500
Montserrat,500
Montserrat,500
Montserrat,500
Montserrat,500
Montserrat,500
Montserrat,500
Montserrat,500
Montserrat,500
Montserrat,500
Montserrat,500
Montserrat,500
Montserrat,500
Montserrat,500
Morocco,504
Morocco,504
Morocco,504
Morocco,504
Morocco,504
Morocco,504
Morocco,504
Morocco,504
Morocco,504
Morocco,504
Morocco,504
Morocco,504
Morocco,504
Morocco,504
Morocco,504
Morocco,504
Morocco,504
Morocco,504
Morocco,504
Morocco,504
Morocco,504
Morocco,504
Mozambique,508
Mozambique,508
Mozambique,508
Mozambique,508
Mozambique,508
Mozambique,508
Mozambique,508
Mozambique,508
Mozambique,508
Mozambique,508
Mozambique,508
Mozambique,508
Mozambique,508
Mozambique,508
Mozambique,508
Mozambique,508
Mozambique,508
Mozambique,508
Mozambique,508
Mozambique,508
Mozambique,508
Mozambique,508
Myanmar,104
Myanmar,104
Myanmar,104
Myanmar,104
Myanmar,104
Myanmar,104
Myanmar,104
Myanmar,104
Myanmar,104
Myanmar,104
Myanmar,104
Myanmar,104
Myanmar,104
Myanmar,104
Myanmar,104
Myanmar,104
Myanmar,104
Myanmar,104
Myanmar,104
Myanmar,104
Myanmar,104
Myanmar,104
Namibia,516
Namibia,516
Namibia,516
Namibia,516
Namibia,516
Namibia,516
Namibia,516
Namibia,516
Namibia,516
Namibia,516
Namibia,516
Namibia,516
Namibia,516
Namibia,516
Namibia,516
Namibia,516
Namibia,516
Namibia,516
Namibia,516
Namibia,516
Namibia,516
Namibia,516
Nauru,520
Nauru,520
Nauru,520
Nauru,520
Nauru,520
Nauru,520
Nauru,520
Nauru,520
Nauru,520
Nauru,520
Nauru,520
Nauru,520
Nauru,520
Nauru,520
Nauru,520
Nauru,520
Nauru,520
Nauru,520
Nauru,520
Nauru,520
Nauru,520
Nauru,520
Nepal,524
Nepal,524
Nepal,524
Nepal,524
Nepal,524
Nepal,524
Nepal,524
Nepal,524
Nepal,524
Nepal,524
Nepal,524
Nepal,524
Nepal,524
Nepal,524
Nepal,524
Nepal,524
Nepal,524
Nepal,524
Nepal,524
Nepal,524
Nepal,524
Nepal,524
Netherlands,528
Netherlands,528
Netherlands,528
Netherlands,528
Netherlands,528
Netherlands,528
Netherlands,528
Netherlands,528
Netherlands,528
Netherlands,528
Netherlands,528
Netherlands,528
Netherlands,528
Netherlands,528
Netherlands,528
Netherlands,528
Netherlands,528
Netherlands,528
Netherlands,528
Netherlands,528
Netherlands,528
Netherlands,528
New Caledonia,540
New Caledonia,540
New Caledonia,540
New Caledonia,540
New Caledonia,540
New Caledonia,540
New Caledonia,540
New Caledonia,540
New Caledonia,540
New Caledonia,540
New Caledonia,540
New Caledonia,540
New Caledonia,540
New Caledonia,540
New Caledonia,540
New Caledonia,540
New Caledonia,540
New Caledonia,540
New Caledonia,540
New Caledonia,540
New Caledonia,540
New Caledonia,540
New Zealand,554
New Zealand,554
New Zealand,554
New Zealand,554
New Zealand,554
New Zealand,554
New Zealand,554
New Zealand,554
New Zealand,554
New Zealand,554
New Zealand,554
New Zealand,554
New Zealand,554
New Zealand,554
New Zealand,554
New Zealand,554
New Zealand,554
New Zealand,554
New Zealand,554
New Zealand,554
New Zealand,554
New Zealand,554
Nicaragua,558
Nicaragua,558
Nicaragua,558
Nicaragua,558
Nicaragua,558
Nicaragua,558
Nicaragua,558
Nicaragua,558
Nicaragua,558
Nicaragua,558
Nicaragua,558
Nicaragua,558
Nicaragua,558
Nicaragua,558
Nicaragua,558
Nicaragua,558
Nicaragua,558
Nicaragua,558
Nicaragua,558
Nicaragua,558
Nicaragua,558
Nicaragua,558
Niger,562
Niger,562
Niger,562
Niger,562
Niger,562
Niger,562
Niger,562
Niger,562
Niger,562
Niger,562
Niger,562
Niger,562
Niger,562
Niger,562
Niger,562
Niger,562
Niger,562
Niger,562
Niger,562
Niger,562
Niger,562
Niger,562
Nigeria,566
Nigeria,566
Nigeria,566
Nigeria,566
Nigeria,566
Nigeria,566
Nigeria,566
Nigeria,566
Nigeria,566
Nigeria,566
Nigeria,566
Nigeria,566
Nigeria,566
Nigeria,566
Nigeria,566
Nigeria,566
Nigeria,566
Nigeria,566
Nigeria,566
Nigeria,566
Nigeria,566
Nigeria,566
Niue,570
Niue,570
Niue,570
Niue,570
Niue,570
Niue,570
Niue,570
Niue,570
Niue,570
Niue,570
Niue,570
Niue,570
Niue,570
Niue,570
Niue,570
Niue,570
Niue,570
Niue,570
Niue,570
Niue,570
Niue,570
Niue,570
Norway,578
Norway,578
Norway,578
Norway,578
Norway,578
Norway,578
Norway,578
Norway,578
Norway,578
Norway,578
Norway,578
Norway,578
Norway,578
Norway,578
Norway,578
Norway,578
Norway,578
Norway,578
Norway,578
Norway,578
Norway,578
Norway,578
Oman,512
Oman,512
Oman,512
Oman,512
Oman,512
Oman,512
Oman,512
Oman,512
Oman,512
Oman,512
Oman,512
Oman,512
Oman,512
Oman,512
Oman,512
Oman,512
Oman,512
Oman,512
Oman,512
Oman,512
Oman,512
Oman,512
Pakistan,586
Pakistan,586
Pakistan,586
Pakistan,586
Pakistan,586
Pakistan,586
Pakistan,586
Pakistan,586
Pakistan,586
Pakistan,586
Pakistan,586
Pakistan,586
Pakistan,586
Pakistan,586
Pakistan,586
Pakistan,586
Pakistan,586
Pakistan,586
Pakistan,586
Pakistan,586
Pakistan,586
Pakistan,586
Palau,585
Palau,585
Palau,585
Palau,585
Palau,585
Palau,585
Palau,585
Palau,585
Palau,585
Palau,585
Palau,585
Palau,585
Palau,585
Palau,585
Palau,585
Palau,585
Palau,585
Palau,585
Palau,585
Palau,585
Panama,591
Panama,591
Panama,591
Panama,591
Panama,591
Panama,591
Panama,591
Panama,591
Panama,591
Panama,591
Panama,591
Panama,591
Panama,591
Panama,591
Panama,591
Panama,591
Panama,591
Panama,591
Panama,591
Panama,591
Panama,591
Panama,591
Papua New Guinea,598
Papua New Guinea,598
Papua New Guinea,598
Papua New Guinea,598
Papua New Guinea,598
Papua New Guinea,598
Papua New Guinea,598
Papua New Guinea,598
Papua New Guinea,598
Papua New Guinea,598
Papua New Guinea,598
Papua New Guinea,598
Papua New Guinea,598
Papua New Guinea,598
Papua New Guinea,598
Papua New Guinea,598
Papua New Guinea,598
Papua New Guinea,598
Papua New Guinea,598
Papua New Guinea,598
Papua New Guinea,598
Papua New Guinea,598
Paraguay,600
Paraguay,600
Paraguay,600
Paraguay,600
Paraguay,600
Paraguay,600
Paraguay,600
Paraguay,600
Paraguay,600
Paraguay,600
Paraguay,600
Paraguay,600
Paraguay,600
Paraguay,600
Paraguay,600
Paraguay,600
Paraguay,600
Paraguay,600
Paraguay,600
Paraguay,600
Paraguay,600
Paraguay,600
Peru,604
Peru,604
Peru,604
Peru,604
Peru,604
Peru,604
Peru,604
Peru,604
Peru,604
Peru,604
Peru,604
Peru,604
Peru,604
Peru,604
Peru,604
Peru,604
Peru,604
Peru,604
Peru,604
Peru,604
Peru,604
Peru,604
Philippines,608
Philippines,608
Philippines,608
Philippines,608
Philippines,608
Philippines,608
Philippines,608
Philippines,608
Philippines,608
Philippines,608
Philippines,608
Philippines,608
Philippines,608
Philippines,608
Philippines,608
Philippines,608
Philippines,608
Philippines,608
Philippines,608
Philippines,608
Philippines,608
Philippines,608
Poland,616
Poland,616
Poland,616
Poland,616
Poland,616
Poland,616
Poland,616
Poland,616
Poland,616
Poland,616
Poland,616
Poland,616
Poland,616
Poland,616
Poland,616
Poland,616
Poland,616
Poland,616
Poland,616
Poland,616
Poland,616
Poland,616
Portugal,620
Portugal,620
Portugal,620
Portugal,620
Portugal,620
Portugal,620
Portugal,620
Portugal,620
Portugal,620
Portugal,620
Portugal,620
Portugal,620
Portugal,620
Portugal,620
Portugal,620
Portugal,620
Portugal,620
Portugal,620
Portugal,620
Portugal,620
Portugal,620
Portugal,620
Qatar,634
Qatar,634
Qatar,634
Qatar,634
Qatar,634
Qatar,634
Qatar,634
Qatar,634
Qatar,634
Qatar,634
Qatar,634
Qatar,634
Qatar,634
Qatar,634
Qatar,634
Qatar,634
Qatar,634
Qatar,634
Qatar,634
Qatar,634
Qatar,634
Qatar,634
Republic of Moldova,498
Republic of Moldova,498
Republic of Moldova,498
Republic of Moldova,498
Republic of Moldova,498
Republic of Moldova,498
Republic of Moldova,498
Republic of Moldova,498
Republic of Moldova,498
Republic of Moldova,498
Republic of Moldova,498
Republic of Moldova,498
Republic of Moldova,498
Republic of Moldova,498
Republic of Moldova,498
Republic of Moldova,498
Republic of Moldova,498
Republic of Moldova,498
Republic of Moldova,498
Republic of Moldova,498
Reunion,638
Reunion,638
Reunion,638
Reunion,638
Reunion,638
Reunion,638
Reunion,638
Reunion,638
Reunion,638
Reunion,638
Reunion,638
Reunion,638
Reunion,638
Reunion,638
Reunion,638
Reunion,638
Reunion,638
Reunion,638
Reunion,638
Reunion,638
Reunion,638
Reunion,638
Romania,642
Romania,642
Romania,642
Romania,642
Romania,642
Romania,642
Romania,642
Romania,642
Romania,642
Romania,642
Romania,642
Romania,642
Romania,642
Romania,642
Romania,642
Romania,642
Romania,642
Romania,642
Romania,642
Romania,642
Romania,642
Romania,642
Russian Federation,643
Russian Federation,643
Russian Federation,643
Russian Federation,643
Russian Federation,643
Russian Federation,643
Russian Federation,643
Russian Federation,643
Russian Federation,643
Russian Federation,643
Russian Federation,643
Russian Federation,643
Russian Federation,643
Russian Federation,643
Russian Federation,643
Russian Federation,643
Russian Federation,643
Russian Federation,643
Russian Federation,643
Russian Federation,643
Rwanda,646
Rwanda,646
Rwanda,646
Rwanda,646
Rwanda,646
Rwanda,646
Rwanda,646
Rwanda,646
Rwanda,646
Rwanda,646
Rwanda,646
Rwanda,646
Rwanda,646
Rwanda,646
Rwanda,646
Rwanda,646
Rwanda,646
Rwanda,646
Rwanda,646
Rwanda,646
Rwanda,646
Rwanda,646
Saint Helena,654
Saint Helena,654
Saint Helena,654
Saint Helena,654
Saint Helena,654
Saint Helena,654
Saint Helena,654
Saint Helena,654
Saint Helena,654
Saint Helena,654
Saint Helena,654
Saint Helena,654
Saint Helena,654
Saint Helena,654
Saint Helena,654
Saint Helena,654
Saint Helena,654
Saint Helena,654
Saint Helena,654
Saint Helena,654
Saint Helena,654
Saint Helena,654
Saint Kitts and Nevis,659
Saint Kitts and Nevis,659
Saint Kitts and Nevis,659
Saint Kitts and Nevis,659
Saint Kitts and Nevis,659
Saint Kitts and Nevis,659
Saint Kitts and Nevis,659
Saint Kitts and Nevis,659
Saint Kitts and Nevis,659
Saint Kitts and Nevis,659
Saint Kitts and Nevis,659
Saint Kitts and Nevis,659
Saint Kitts and Nevis,659
Saint Kitts and Nevis,659
Saint Kitts and Nevis,659
Saint Kitts and Nevis,659
Saint Kitts and Nevis,659
Saint Kitts and Nevis,659
Saint Kitts and Nevis,659
Saint Kitts and Nevis,659
Saint Kitts and Nevis,659
Saint Kitts and Nevis,659
Saint Lucia,662
Saint Lucia,662
Saint Lucia,662
Saint Lucia,662
Saint Lucia,662
Saint Lucia,662
Saint Lucia,662
Saint Lucia,662
Saint Lucia,662
Saint Lucia,662
Saint Lucia,662
Saint Lucia,662
Saint Lucia,662
Saint Lucia,662
Saint Lucia,662
Saint Lucia,662
Saint Lucia,662
Saint Lucia,662
Saint Lucia,662
Saint Lucia,662
Saint Lucia,662
Saint Lucia,662
Saint Pierre and Miquelon,666
Saint Pierre and Miquelon,666
Saint Pierre and Miquelon,666
Saint Pierre and Miquelon,666
Saint Pierre and Miquelon,666
Saint Pierre and Miquelon,666
Saint Pierre and Miquelon,666
Saint Pierre and Miquelon,666
Saint Pierre and Miquelon,666
Saint Pierre and Miquelon,666
Saint Pierre and Miquelon,666
Saint Pierre and Miquelon,666
Saint Pierre and Miquelon,666
Saint Pierre and Miquelon,666
Saint Pierre and Miquelon,666
Saint Pierre and Miquelon,666
Saint Pierre and Miquelon,666
Saint Pierre and Miquelon,666
Saint Pierre and Miquelon,666
Saint Pierre and Miquelon,666
Saint Pierre and Miquelon,666
Saint Pierre and Miquelon,666
Saint Vincent and the Grenadines,670
Saint Vincent and the Grenadines,670
Saint Vincent and the Grenadines,670
Saint Vincent and the Grenadines,670
Saint Vincent and the Grenadines,670
Saint Vincent and the Grenadines,670
Saint Vincent and the Grenadines,670
Saint Vincent and the Grenadines,670
Saint Vincent and the Grenadines,670
Saint Vincent and the Grenadines,670
Saint Vincent and the Grenadines,670
Saint Vincent and the Grenadines,670
Saint Vincent and the Grenadines,670
Saint Vincent and the Grenadines,670
Saint Vincent and the Grenadines,670
Saint Vincent and the Grenadines,670
Saint Vincent and the Grenadines,670
Saint Vincent and the Grenadines,670
Saint Vincent and the Grenadines,670
Saint Vincent and the Grenadines,670
Saint Vincent and the Grenadines,670
Saint Vincent and the Grenadines,670
Samoa,882
Samoa,882
Samoa,882
Samoa,882
Samoa,882
Samoa,882
Samoa,882
Samoa,882
Samoa,882
Samoa,882
Samoa,882
Samoa,882
Samoa,882
Samoa,882
Samoa,882
Samoa,882
Samoa,882
Samoa,882
Samoa,882
Samoa,882
Samoa,882
Samoa,882
Sao Tome and Principe,678
Sao Tome and Principe,678
Sao Tome and Principe,678
Sao Tome and Principe,678
Sao Tome and Principe,678
Sao Tome and Principe,678
Sao Tome and Principe,678
Sao Tome and Principe,678
Sao Tome and Principe,678
Sao Tome and Principe,678
Sao Tome and Principe,678
Sao Tome and Principe,678
Sao Tome and Principe,678
Sao Tome and Principe,678
Sao Tome and Principe,678
Sao Tome and Principe,678
Sao Tome and Principe,678
Sao Tome and Principe,678
Sao Tome and Principe,678
Sao Tome and Principe,678
Sao Tome and Principe,678
Sao Tome and Principe,678
Saudi Arabia,682
Saudi Arabia,682
Saudi Arabia,682
Saudi Arabia,682
Saudi Arabia,682
Saudi Arabia,682
Saudi Arabia,682
Saudi Arabia,682
Saudi Arabia,682
Saudi Arabia,682
Saudi Arabia,682
Saudi Arabia,682
Saudi Arabia,682
Saudi Arabia,682
Saudi Arabia,682
Saudi Arabia,682
Saudi Arabia,682
Saudi Arabia,682
Saudi Arabia,682
Saudi Arabia,682
Saudi Arabia,682
Saudi Arabia,682
Senegal,686
Senegal,686
Senegal,686
Senegal,686
Senegal,686
Senegal,686
Senegal,686
Senegal,686
Senegal,686
Senegal,686
Senegal,686
Senegal,686
Senegal,686
Senegal,686
Senegal,686
Senegal,686
Senegal,686
Senegal,686
Senegal,686
Senegal,686
Senegal,686
Senegal,686
Serbia,688
Serbia,688
Serbia,688
Serbia,688
Serbia,688
Serbia,688
Seychelles,690
Seychelles,690
Seychelles,690
Seychelles,690
Seychelles,690
Seychelles,690
Seychelles,690
Seychelles,690
Seychelles,690
Seychelles,690
Seychelles,690
Seychelles,690
Seychelles,690
Seychelles,690
Seychelles,690
Seychelles,690
Seychelles,690
Seychelles,690
Seychelles,690
Seychelles,690
Seychelles,690
Seychelles,690
Sierra Leone,694
Sierra Leone,694
Sierra Leone,694
Sierra Leone,694
Sierra Leone,694
Sierra Leone,694
Sierra Leone,694
Sierra Leone,694
Sierra Leone,694
Sierra Leone,694
Sierra Leone,694
Sierra Leone,694
Sierra Leone,694
Sierra Leone,694
Sierra Leone,694
Sierra Leone,694
Sierra Leone,694
Sierra Leone,694
Sierra Leone,694
Sierra Leone,694
Sierra Leone,694
Sierra Leone,694
Singapore,702
Singapore,702
Singapore,702
Singapore,702
Singapore,702
Singapore,702
Singapore,702
Singapore,702
Singapore,702
Singapore,702
Singapore,702
Singapore,702
Singapore,702
Singapore,702
Singapore,702
Singapore,702
Singapore,702
Singapore,702
Singapore,702
Singapore,702
Singapore,702
Singapore,702
Slovakia,703
Slovakia,703
Slovakia,703
Slovakia,703
Slovakia,703
Slovakia,703
Slovakia,703
Slovakia,703
Slovakia,703
Slovakia,703
Slovakia,703
Slovakia,703
Slovakia,703
Slovakia,703
Slovakia,703
Slovakia,703
Slovakia,703
Slovakia,703
Slovakia,703
Slovakia,703
Slovenia,705
Slovenia,705
Slovenia,705
Slovenia,705
Slovenia,705
Slovenia,705
Slovenia,705
Slovenia,705
Slovenia,705
Slovenia,705
Slovenia,705
Slovenia,705
Slovenia,705
Slovenia,705
Slovenia,705
Slovenia,705
Slovenia,705
Slovenia,705
Slovenia,705
Slovenia,705
Solomon Islands,90
Solomon Islands,90
Solomon Islands,90
Solomon Islands,90
Solomon Islands,90
Solomon Islands,90
Solomon Islands,90
Solomon Islands,90
Solomon Islands,90
Solomon Islands,90
Solomon Islands,90
Solomon Islands,90
Solomon Islands,90
Solomon Islands,90
Solomon Islands,90
Solomon Islands,90
Solomon Islands,90
Solomon Islands,90
Solomon Islands,90
Solomon Islands,90
Solomon Islands,90
Solomon Islands,90
Somalia,706
Somalia,706
Somalia,706
Somalia,706
Somalia,706
Somalia,706
Somalia,706
Somalia,706
Somalia,706
Somalia,706
Somalia,706
Somalia,706
Somalia,706
Somalia,706
Somalia,706
Somalia,706
Somalia,706
Somalia,706
South Africa,710
South Africa,710
South Africa,710
South Africa,710
South Africa,710
South Africa,710
South Africa,710
South Africa,710
South Africa,710
South Africa,710
South Africa,710
South Africa,710
South Africa,710
South Africa,710
South Africa,710
South Africa,710
South Africa,710
South Africa,710
South Africa,710
South Africa,710
South Africa,710
South Africa,710
Spain,724
Spain,724
Spain,724
Spain,724
Spain,724
Spain,724
Spain,724
Spain,724
Spain,724
Spain,724
Spain,724
Spain,724
Spain,724
Spain,724
Spain,724
Spain,724
Spain,724
Spain,724
Spain,724
Spain,724
Spain,724
Spain,724
Sri Lanka,144
Sri Lanka,144
Sri Lanka,144
Sri Lanka,144
Sri Lanka,144
Sri Lanka,144
Sri Lanka,144
Sri Lanka,144
Sri Lanka,144
Sri Lanka,144
Sri Lanka,144
Sri Lanka,144
Sri Lanka,144
Sri Lanka,144
Sri Lanka,144
Sri Lanka,144
Sri Lanka,144
Sri Lanka,144
Sri Lanka,144
Sri Lanka,144
Sri Lanka,144
Sri Lanka,144
State of Palestine,275
State of Palestine,275
State of Palestine,275
State of Palestine,275
State of Palestine,275
State of Palestine,275
State of Palestine,275
State of Palestine,275
State of Palestine,275
State of Palestine,275
State of Palestine,275
State of Palestine,275
State of Palestine,275
State of Palestine,275
State of Palestine,275
Sudan (former),729
Sudan (former),729
Sudan (former),729
Sudan (former),729
Sudan (former),729
Sudan (former),729
Sudan (former),729
Sudan (former),729
Sudan (former),729
Sudan (former),729
Sudan (former),729
Sudan (former),729
Sudan (former),729
Sudan (former),729
Sudan (former),729
Sudan (former),729
Sudan (former),729
Sudan (former),729
Sudan (former),729
Sudan (former),729
Sudan (former),729
Sudan (former),729
Suriname,740
Suriname,740
Suriname,740
Suriname,740
Suriname,740
Suriname,740
Suriname,740
Suriname,740
Suriname,740
Suriname,740
Suriname,740
Suriname,740
Suriname,740
Suriname,740
Suriname,740
Suriname,740
Suriname,740
Suriname,740
Suriname,740
Suriname,740
Suriname,740
Suriname,740
Swaziland,748
Swaziland,748
Swaziland,748
Swaziland,748
Swaziland,748
Swaziland,748
Swaziland,748
Swaziland,748
Swaziland,748
Swaziland,748
Swaziland,748
Swaziland,748
Swaziland,748
Swaziland,748
Swaziland,748
Swaziland,748
Swaziland,748
Swaziland,748
Swaziland,748
Swaziland,748
Swaziland,748
Swaziland,748
Sweden,752
Sweden,752
Sweden,752
Sweden,752
Sweden,752
Sweden,752
Sweden,752
Sweden,752
Sweden,752
Sweden,752
Sweden,752
Sweden,752
Sweden,752
Sweden,752
Sweden,752
Sweden,752
Sweden,752
Sweden,752
Sweden,752
Sweden,752
Sweden,752
Sweden,752
Switzerland,756
Switzerland,756
Switzerland,756
Switzerland,756
Switzerland,756
Switzerland,756
Switzerland,756
Switzerland,756
Switzerland,756
Switzerland,756
Switzerland,756
Switzerland,756
Switzerland,756
Switzerland,756
Switzerland,756
Switzerland,756
Switzerland,756
Switzerland,756
Switzerland,756
Switzerland,756
Switzerland,756
Switzerland,756
Syrian Arab Republic,760
Syrian Arab Republic,760
Syrian Arab Republic,760
Syrian Arab Republic,760
Syrian Arab Republic,760
Syrian Arab Republic,760
Syrian Arab Republic,760
Syrian Arab Republic,760
Syrian Arab Republic,760
Syrian Arab Republic,760
Syrian Arab Republic,760
Syrian Arab Republic,760
Syrian Arab Republic,760
Syrian Arab Republic,760
Syrian Arab Republic,760
Syrian Arab Republic,760
Syrian Arab Republic,760
Syrian Arab Republic,760
Syrian Arab Republic,760
Syrian Arab Republic,760
Syrian Arab Republic,760
Syrian Arab Republic,760
Tajikistan,762
Tajikistan,762
Tajikistan,762
Tajikistan,762
Tajikistan,762
Tajikistan,762
Tajikistan,762
Tajikistan,762
Tajikistan,762
Tajikistan,762
Tajikistan,762
Tajikistan,762
Tajikistan,762
Tajikistan,762
Tajikistan,762
Tajikistan,762
Tajikistan,762
Tajikistan,762
Tajikistan,762
Tajikistan,762
Thailand,764
Thailand,764
Thailand,764
Thailand,764
Thailand,764
Thailand,764
Thailand,764
Thailand,764
Thailand,764
Thailand,764
Thailand,764
Thailand,764
Thailand,764
Thailand,764
Thailand,764
Thailand,764
Thailand,764
Thailand,764
Thailand,764
Thailand,764
Thailand,764
Thailand,764
The former Yugoslav Republic of Macedonia,807
The former Yugoslav Republic of Macedonia,807
The former Yugoslav Republic of Macedonia,807
The former Yugoslav Republic of Macedonia,807
The former Yugoslav Republic of Macedonia,807
The former Yugoslav Republic of Macedonia,807
The former Yugoslav Republic of Macedonia,807
The former Yugoslav Republic of Macedonia,807
The former Yugoslav Republic of Macedonia,807
The former Yugoslav Republic of Macedonia,807
The former Yugoslav Republic of Macedonia,807
The former Yugoslav Republic of Macedonia,807
The former Yugoslav Republic of Macedonia,807
The former Yugoslav Republic of Macedonia,807
The former Yugoslav Republic of Macedonia,807
The former Yugoslav Republic of Macedonia,807
The former Yugoslav Republic of Macedonia,807
The former Yugoslav Republic of Macedonia,807
The former Yugoslav Republic of Macedonia,807
The former Yugoslav Republic of Macedonia,807
Timor-Leste,626
Timor-Leste,626
Timor-Leste,626
Timor-Leste,626
Timor-Leste,626
Timor-Leste,626
Timor-Leste,626
Timor-Leste,626
Timor-Leste,626
Timor-Leste,626
Togo,768
Togo,768
Togo,768
Togo,768
Togo,768
Togo,768
Togo,768
Togo,768
Togo,768
Togo,768
Togo,768
Togo,768
Togo,768
Togo,768
Togo,768
Togo,768
Togo,768
Togo,768
Togo,768
Togo,768
Togo,768
Togo,768
Tonga,776
Tonga,776
Tonga,776
Tonga,776
Tonga,776
Tonga,776
Tonga,776
Tonga,776
Tonga,776
Tonga,776
Tonga,776
Tonga,776
Tonga,776
Tonga,776
Tonga,776
Tonga,776
Tonga,776
Tonga,776
Tonga,776
Tonga,776
Tonga,776
Tonga,776
Trinidad and Tobago,780
Trinidad and Tobago,780
Trinidad and Tobago,780
Trinidad and Tobago,780
Trinidad and Tobago,780
Trinidad and Tobago,780
Trinidad and Tobago,780
Trinidad and Tobago,780
Trinidad and Tobago,780
Trinidad and Tobago,780
Trinidad and Tobago,780
Trinidad and Tobago,780
Trinidad and Tobago,780
Trinidad and Tobago,780
Trinidad and Tobago,780
Trinidad and Tobago,780
Trinidad and Tobago,780
Trinidad and Tobago,780
Trinidad and Tobago,780
Trinidad and Tobago,780
Trinidad and Tobago,780
Trinidad and Tobago,780
Tunisia,788
Tunisia,788
Tunisia,788
Tunisia,788
Tunisia,788
Tunisia,788
Tunisia,788
Tunisia,788
Tunisia,788
Tunisia,788
Tunisia,788
Tunisia,788
Tunisia,788
Tunisia,788
Tunisia,788
Tunisia,788
Tunisia,788
Tunisia,788
Tunisia,788
Tunisia,788
Tunisia,788
Tunisia,788
Turkey,792
Turkey,792
Turkey,792
Turkey,792
Turkey,792
Turkey,792
Turkey,792
Turkey,792
Turkey,792
Turkey,792
Turkey,792
Turkey,792
Turkey,792
Turkey,792
Turkey,792
Turkey,792
Turkey,792
Turkey,792
Turkey,792
Turkey,792
Turkey,792
Turkey,792
Turkmenistan,795
Turkmenistan,795
Turkmenistan,795
Turkmenistan,795
Turkmenistan,795
Turkmenistan,795
Turkmenistan,795
Turkmenistan,795
Turkmenistan,795
Turkmenistan,795
Turkmenistan,795
Turkmenistan,795
Turkmenistan,795
Turkmenistan,795
Turkmenistan,795
Turkmenistan,795
Turkmenistan,795
Turkmenistan,795
Turkmenistan,795
Turkmenistan,795
Turks and Caicos Islands,796
Turks and Caicos Islands,796
Turks and Caicos Islands,796
Turks and Caicos Islands,796
Turks and Caicos Islands,796
Turks and Caicos Islands,796
Turks and Caicos Islands,796
Turks and Caicos Islands,796
Turks and Caicos Islands,796
Turks and Caicos Islands,796
Turks and Caicos Islands,796
Turks and Caicos Islands,796
Turks and Caicos Islands,796
Turks and Caicos Islands,796
Turks and Caicos Islands,796
Turks and Caicos Islands,796
Turks and Caicos Islands,796
Uganda,800
Uganda,800
Uganda,800
Uganda,800
Uganda,800
Uganda,800
Uganda,800
Uganda,800
Uganda,800
Uganda,800
Uganda,800
Uganda,800
Uganda,800
Uganda,800
Uganda,800
Uganda,800
Uganda,800
Uganda,800
Uganda,800
Uganda,800
Uganda,800
Uganda,800
Ukraine,804
Ukraine,804
Ukraine,804
Ukraine,804
Ukraine,804
Ukraine,804
Ukraine,804
Ukraine,804
Ukraine,804
Ukraine,804
Ukraine,804
Ukraine,804
Ukraine,804
Ukraine,804
Ukraine,804
Ukraine,804
Ukraine,804
Ukraine,804
Ukraine,804
Ukraine,804
United Arab Emirates,784
United Arab Emirates,784
United Arab Emirates,784
United Arab Emirates,784
United Arab Emirates,784
United Arab Emirates,784
United Arab Emirates,784
United Arab Emirates,784
United Arab Emirates,784
United Arab Emirates,784
United Arab Emirates,784
United Arab Emirates,784
United Arab Emirates,784
United Arab Emirates,784
United Arab Emirates,784
United Arab Emirates,784
United Arab Emirates,784
United Arab Emirates,784
United Arab Emirates,784
United Arab Emirates,784
United Arab Emirates,784
United Arab Emirates,784
United Kingdom,826
United Kingdom,826
United Kingdom,826
United Kingdom,826
United Kingdom,826
United Kingdom,826
United Kingdom,826
United Kingdom,826
United Kingdom,826
United Kingdom,826
United Kingdom,826
United Kingdom,826
United Kingdom,826
United Kingdom,826
United Kingdom,826
United Kingdom,826
United Kingdom,826
United Kingdom,826
United Kingdom,826
United Kingdom,826
United Kingdom,826
United Kingdom,826
United Republic of Tanzania,834
United Republic of Tanzania,834
United Republic of Tanzania,834
United Republic of Tanzania,834
United Republic of Tanzania,834
United Republic of Tanzania,834
United Republic of Tanzania,834
United Republic of Tanzania,834
United Republic of Tanzania,834
United Republic of Tanzania,834
United Republic of Tanzania,834
United Republic of Tanzania,834
United Republic of Tanzania,834
United Republic of Tanzania,834
United Republic of Tanzania,834
United Republic of Tanzania,834
United Republic of Tanzania,834
United Republic of Tanzania,834
United Republic of Tanzania,834
United Republic of Tanzania,834
United Republic of Tanzania,834
United Republic of Tanzania,834
United States,840
United States,840
United States,840
United States,840
United States,840
United States,840
United States,840
United States,840
United States,840
United States,840
United States,840
United States,840
United States,840
United States,840
United States,840
United States,840
United States,840
United States,840
United States,840
United States,840
United States,840
United States,840
Uruguay,858
Uruguay,858
Uruguay,858
Uruguay,858
Uruguay,858
Uruguay,858
Uruguay,858
Uruguay,858
Uruguay,858
Uruguay,858
Uruguay,858
Uruguay,858
Uruguay,858
Uruguay,858
Uruguay,858
Uruguay,858
Uruguay,858
Uruguay,858
Uruguay,858
Uruguay,858
Uruguay,858
Uruguay,858
Uzbekistan,860
Uzbekistan,860
Uzbekistan,860
Uzbekistan,860
Uzbekistan,860
Uzbekistan,860
Uzbekistan,860
Uzbekistan,860
Uzbekistan,860
Uzbekistan,860
Uzbekistan,860
Uzbekistan,860
Uzbekistan,860
Uzbekistan,860
Uzbekistan,860
Uzbekistan,860
Uzbekistan,860
Uzbekistan,860
Uzbekistan,860
Uzbekistan,860
Vanuatu,548
Vanuatu,548
Vanuatu,548
Vanuatu,548
Vanuatu,548
Vanuatu,548
Vanuatu,548
Vanuatu,548
Vanuatu,548
Vanuatu,548
Vanuatu,548
Vanuatu,548
Vanuatu,548
Vanuatu,548
Vanuatu,548
Vanuatu,548
Vanuatu,548
Vanuatu,548
Vanuatu,548
Vanuatu,548
Vanuatu,548
Vanuatu,548
Venezuela,862
Venezuela,862
Venezuela,862
Venezuela,862
Venezuela,862
Venezuela,862
Venezuela,862
Venezuela,862
Venezuela,862
Venezuela,862
Venezuela,862
Venezuela,862
Venezuela,862
Venezuela,862
Venezuela,862
Venezuela,862
Venezuela,862
Venezuela,862
Venezuela,862
Venezuela,862
Venezuela,862
Venezuela,862
Viet Nam,704
Viet Nam,704
Viet Nam,704
Viet Nam,704
Viet Nam,704
Viet Nam,704
Viet Nam,704
Viet Nam,704
Viet Nam,704
Viet Nam,704
Viet Nam,704
Viet Nam,704
Viet Nam,704
Viet Nam,704
Viet Nam,704
Viet Nam,704
Viet Nam,704
Viet Nam,704
Viet Nam,704
Viet Nam,704
Viet Nam,704
Viet Nam,704
Wallis and Futuna Islands,876
Wallis and Futuna Islands,876
Wallis and Futuna Islands,876
Wallis and Futuna Islands,876
Wallis and Futuna Islands,876
Wallis and Futuna Islands,876
Wallis and Futuna Islands,876
Wallis and Futuna Islands,876
Wallis and Futuna Islands,876
Wallis and Futuna Islands,876
Wallis and Futuna Islands,876
Yemen,887
Yemen,887
Yemen,887
Yemen,887
Yemen,887
Yemen,887
Yemen,887
Yemen,887
Yemen,887
Yemen,887
Yemen,887
Yemen,887
Yemen,887
Yemen,887
Yemen,887
Yemen,887
Yemen,887
Yemen,887
Yemen,887
Yemen,887
Yemen,887
Zambia,894
Zambia,894
Zambia,894
Zambia,894
Zambia,894
Zambia,894
Zambia,894
Zambia,894
Zambia,894
Zambia,894
Zambia,894
Zambia,894
Zambia,894
Zambia,894
Zambia,894
Zambia,894
Zambia,894
Zambia,894
Zambia,894
Zambia,894
Zambia,894
Zambia,894
Zimbabwe,716
Zimbabwe,716
Zimbabwe,716
Zimbabwe,716
Zimbabwe,716
Zimbabwe,716
Zimbabwe,716
Zimbabwe,716
Zimbabwe,716
Zimbabwe,716
Zimbabwe,716
Zimbabwe,716
Zimbabwe,716
Zimbabwe,716
Zimbabwe,716
Zimbabwe,716
Zimbabwe,716
Zimbabwe,716
Zimbabwe,716
Zimbabwe,716
Zimbabwe,716
Zimbabwe,716